<annotation>
	<folder>images</folder>
	<filename>2020-01-16-212021.jpg</filename>
	<path>/home/dennis/TensorFlow/workspace/training_demo/images/2020-01-16-212021.jpg</path>
	<source>
		<database>Unknown</database>
	</source>
	<size>
		<width>640</width>
		<height>480</height>
		<depth>3</depth>
	</size>
	<segmented>0</segmented>
	<object>
		<name>Schokoriegel</name>
		<pose>Unspecified</pose>
		<truncated>0</truncated>
		<difficult>0</difficult>
		<bndbox>
			<xmin>63</xmin>
			<ymin>53</ymin>
			<xmax>239</xmax>
			<ymax>97</ymax>
		</bndbox>
	</object>
	<object>
		<name>MAOAM</name>
		<pose>Unspecified</pose>
		<truncated>0</truncated>
		<difficult>0</difficult>
		<bndbox>
			<xmin>267</xmin>
			<ymin>187</ymin>
			<xmax>327</xmax>
			<ymax>275</ymax>
		</bndbox>
	</object>
	<object>
		<name>Snickers</name>
		<pose>Unspecified</pose>
		<truncated>0</truncated>
		<difficult>0</difficult>
		<bndbox>
			<xmin>284</xmin>
			<ymin>50</ymin>
			<xmax>445</xmax>
			<ymax>164</ymax>
		</bndbox>
	</object>
	<object>
		<name>MilkyWay</name>
		<pose>Unspecified</pose>
		<truncated>0</truncated>
		<difficult>0</difficult>
		<bndbox>
			<xmin>487</xmin>
			<ymin>50</ymin>
			<xmax>559</xmax>
			<ymax>199</ymax>
		</bndbox>
	</object>
	<object>
		<name>MilkyWay</name>
		<pose>Unspecified</pose>
		<truncated>0</truncated>
		<difficult>0</difficult>
		<bndbox>
			<xmin>61</xmin>
			<ymin>91</ymin>
			<xmax>216</xmax>
			<ymax>229</ymax>
		</bndbox>
	</object>
	<object>
		<name>MilkyWay</name>
		<pose>Unspecified</pose>
		<truncated>0</truncated>
		<difficult>0</difficult>
		<bndbox>
			<xmin>278</xmin>
			<ymin>288</ymin>
			<xmax>400</xmax>
			<ymax>439</ymax>
		</bndbox>
	</object>
	<object>
		<name>Snickers</name>
		<pose>Unspecified</pose>
		<truncated>0</truncated>
		<difficult>0</difficult>
		<bndbox>
			<xmin>140</xmin>
			<ymin>226</ymin>
			<xmax>239</xmax>
			<ymax>379</ymax>
		</bndbox>
	</object>
	<object>
		<name>Snickers</name>
		<pose>Unspecified</pose>
		<truncated>0</truncated>
		<difficult>0</difficult>
		<bndbox>
			<xmin>407</xmin>
			<ymin>207</ymin>
			<xmax>570</xmax>
			<ymax>301</ymax>
		</bndbox>
	</object>
	<object>
		<name>MAOAM</name>
		<pose>Unspecified</pose>
		<truncated>0</truncated>
		<difficult>0</difficult>
		<bndbox>
			<xmin>503</xmin>
			<ymin>326</ymin>
			<xmax>604</xmax>
			<ymax>411</ymax>
		</bndbox>
	</object>
	<object>
		<name>Schokoriegel</name>
		<pose>Unspecified</pose>
		<truncated>0</truncated>
		<difficult>0</difficult>
		<bndbox>
			<xmin>368</xmin>
			<ymin>288</ymin>
			<xmax>508</xmax>
			<ymax>426</ymax>
		</bndbox>
	</object>
	<object>
		<name>Schokoriegel</name>
		<pose>Unspecified</pose>
		<truncated>0</truncated>
		<difficult>0</difficult>
		<bndbox>
			<xmin>55</xmin>
			<ymin>305</ymin>
			<xmax>171</xmax>
			<ymax>465</ymax>
		</bndbox>
	</object>
</annotation>
