<annotation>
	<folder>images</folder>
	<filename>2020-01-16-212932.jpg</filename>
	<path>/home/dennis/TensorFlow/workspace/training_demo/images/2020-01-16-212932.jpg</path>
	<source>
		<database>Unknown</database>
	</source>
	<size>
		<width>640</width>
		<height>480</height>
		<depth>3</depth>
	</size>
	<segmented>0</segmented>
	<object>
		<name>Schokoriegel</name>
		<pose>Unspecified</pose>
		<truncated>0</truncated>
		<difficult>0</difficult>
		<bndbox>
			<xmin>71</xmin>
			<ymin>229</ymin>
			<xmax>172</xmax>
			<ymax>388</ymax>
		</bndbox>
	</object>
	<object>
		<name>Schokoriegel</name>
		<pose>Unspecified</pose>
		<truncated>0</truncated>
		<difficult>0</difficult>
		<bndbox>
			<xmin>375</xmin>
			<ymin>263</ymin>
			<xmax>482</xmax>
			<ymax>418</ymax>
		</bndbox>
	</object>
	<object>
		<name>Schokoriegel</name>
		<pose>Unspecified</pose>
		<truncated>0</truncated>
		<difficult>0</difficult>
		<bndbox>
			<xmin>226</xmin>
			<ymin>141</ymin>
			<xmax>395</xmax>
			<ymax>206</ymax>
		</bndbox>
	</object>
	<object>
		<name>Schokoriegel</name>
		<pose>Unspecified</pose>
		<truncated>0</truncated>
		<difficult>0</difficult>
		<bndbox>
			<xmin>346</xmin>
			<ymin>37</ymin>
			<xmax>515</xmax>
			<ymax>119</ymax>
		</bndbox>
	</object>
</annotation>
