<annotation>
	<folder>images</folder>
	<filename>2020-01-16-212106.jpg</filename>
	<path>/home/dennis/TensorFlow/workspace/training_demo/images/2020-01-16-212106.jpg</path>
	<source>
		<database>Unknown</database>
	</source>
	<size>
		<width>640</width>
		<height>480</height>
		<depth>3</depth>
	</size>
	<segmented>0</segmented>
	<object>
		<name>Schokoriegel</name>
		<pose>Unspecified</pose>
		<truncated>0</truncated>
		<difficult>0</difficult>
		<bndbox>
			<xmin>69</xmin>
			<ymin>22</ymin>
			<xmax>137</xmax>
			<ymax>195</ymax>
		</bndbox>
	</object>
	<object>
		<name>Schokoriegel</name>
		<pose>Unspecified</pose>
		<truncated>0</truncated>
		<difficult>0</difficult>
		<bndbox>
			<xmin>291</xmin>
			<ymin>72</ymin>
			<xmax>408</xmax>
			<ymax>225</ymax>
		</bndbox>
	</object>
	<object>
		<name>Schokoriegel</name>
		<pose>Unspecified</pose>
		<truncated>0</truncated>
		<difficult>0</difficult>
		<bndbox>
			<xmin>78</xmin>
			<ymin>313</ymin>
			<xmax>211</xmax>
			<ymax>452</ymax>
		</bndbox>
	</object>
	<object>
		<name>MilkyWay</name>
		<pose>Unspecified</pose>
		<truncated>0</truncated>
		<difficult>0</difficult>
		<bndbox>
			<xmin>138</xmin>
			<ymin>4</ymin>
			<xmax>258</xmax>
			<ymax>165</ymax>
		</bndbox>
	</object>
	<object>
		<name>MilkyWay</name>
		<pose>Unspecified</pose>
		<truncated>0</truncated>
		<difficult>0</difficult>
		<bndbox>
			<xmin>357</xmin>
			<ymin>36</ymin>
			<xmax>504</xmax>
			<ymax>103</ymax>
		</bndbox>
	</object>
	<object>
		<name>MilkyWay</name>
		<pose>Unspecified</pose>
		<truncated>0</truncated>
		<difficult>0</difficult>
		<bndbox>
			<xmin>429</xmin>
			<ymin>339</ymin>
			<xmax>575</xmax>
			<ymax>453</ymax>
		</bndbox>
	</object>
	<object>
		<name>Snickers</name>
		<pose>Unspecified</pose>
		<truncated>0</truncated>
		<difficult>0</difficult>
		<bndbox>
			<xmin>179</xmin>
			<ymin>187</ymin>
			<xmax>332</xmax>
			<ymax>258</ymax>
		</bndbox>
	</object>
	<object>
		<name>Snickers</name>
		<pose>Unspecified</pose>
		<truncated>0</truncated>
		<difficult>0</difficult>
		<bndbox>
			<xmin>456</xmin>
			<ymin>179</ymin>
			<xmax>617</xmax>
			<ymax>241</ymax>
		</bndbox>
	</object>
	<object>
		<name>Snickers</name>
		<pose>Unspecified</pose>
		<truncated>0</truncated>
		<difficult>0</difficult>
		<bndbox>
			<xmin>195</xmin>
			<ymin>280</ymin>
			<xmax>280</xmax>
			<ymax>429</ymax>
		</bndbox>
	</object>
	<object>
		<name>MAOAM</name>
		<pose>Unspecified</pose>
		<truncated>0</truncated>
		<difficult>0</difficult>
		<bndbox>
			<xmin>291</xmin>
			<ymin>272</ymin>
			<xmax>385</xmax>
			<ymax>357</ymax>
		</bndbox>
	</object>
	<object>
		<name>MAOAM</name>
		<pose>Unspecified</pose>
		<truncated>0</truncated>
		<difficult>0</difficult>
		<bndbox>
			<xmin>413</xmin>
			<ymin>218</ymin>
			<xmax>507</xmax>
			<ymax>300</ymax>
		</bndbox>
	</object>
</annotation>
