<annotation>
	<folder>images</folder>
	<filename>2020-01-16-212633.jpg</filename>
	<path>/home/dennis/TensorFlow/workspace/training_demo/images/2020-01-16-212633.jpg</path>
	<source>
		<database>Unknown</database>
	</source>
	<size>
		<width>640</width>
		<height>480</height>
		<depth>3</depth>
	</size>
	<segmented>0</segmented>
	<object>
		<name>Snickers</name>
		<pose>Unspecified</pose>
		<truncated>0</truncated>
		<difficult>0</difficult>
		<bndbox>
			<xmin>105</xmin>
			<ymin>139</ymin>
			<xmax>266</xmax>
			<ymax>217</ymax>
		</bndbox>
	</object>
	<object>
		<name>Snickers</name>
		<pose>Unspecified</pose>
		<truncated>0</truncated>
		<difficult>0</difficult>
		<bndbox>
			<xmin>452</xmin>
			<ymin>113</ymin>
			<xmax>557</xmax>
			<ymax>275</ymax>
		</bndbox>
	</object>
	<object>
		<name>Snickers</name>
		<pose>Unspecified</pose>
		<truncated>0</truncated>
		<difficult>0</difficult>
		<bndbox>
			<xmin>172</xmin>
			<ymin>273</ymin>
			<xmax>301</xmax>
			<ymax>412</ymax>
		</bndbox>
	</object>
	<object>
		<name>Snickers</name>
		<pose>Unspecified</pose>
		<truncated>0</truncated>
		<difficult>0</difficult>
		<bndbox>
			<xmin>329</xmin>
			<ymin>356</ymin>
			<xmax>467</xmax>
			<ymax>453</ymax>
		</bndbox>
	</object>
</annotation>
