<annotation>
	<folder>images</folder>
	<filename>2020-01-16-220639.jpg</filename>
	<path>/home/dennis/TensorFlow/workspace/training_demo/images/2020-01-16-220639.jpg</path>
	<source>
		<database>Unknown</database>
	</source>
	<size>
		<width>640</width>
		<height>480</height>
		<depth>3</depth>
	</size>
	<segmented>0</segmented>
	<object>
		<name>MAOAM</name>
		<pose>Unspecified</pose>
		<truncated>0</truncated>
		<difficult>0</difficult>
		<bndbox>
			<xmin>63</xmin>
			<ymin>43</ymin>
			<xmax>174</xmax>
			<ymax>138</ymax>
		</bndbox>
	</object>
	<object>
		<name>MilkyWay</name>
		<pose>Unspecified</pose>
		<truncated>0</truncated>
		<difficult>0</difficult>
		<bndbox>
			<xmin>232</xmin>
			<ymin>117</ymin>
			<xmax>399</xmax>
			<ymax>229</ymax>
		</bndbox>
	</object>
	<object>
		<name>Snickers</name>
		<pose>Unspecified</pose>
		<truncated>0</truncated>
		<difficult>0</difficult>
		<bndbox>
			<xmin>142</xmin>
			<ymin>239</ymin>
			<xmax>253</xmax>
			<ymax>401</ymax>
		</bndbox>
	</object>
	<object>
		<name>Schokoriegel</name>
		<pose>Unspecified</pose>
		<truncated>0</truncated>
		<difficult>0</difficult>
		<bndbox>
			<xmin>417</xmin>
			<ymin>297</ymin>
			<xmax>561</xmax>
			<ymax>446</ymax>
		</bndbox>
	</object>
</annotation>
